{"cameraMode":{"drawMode":0,"name":"Shaded","section":"Shading Mode"},"sceneLighting":true,"audioPlay":false,"sceneViewState":{"m_AlwaysRefresh":false,"showFog":true,"showSkybox":true,"showFlares":true,"showImageEffects":true,"showParticleSystems":true,"showVisualEffectGraphs":true,"m_FxEnabled":true},"in2DMode":false,"pivot":{"x":-0.4983771741390228,"y":1.0325374603271485,"z":0.083715058863163},"rotation":{"x":0.017563732340931894,"y":-0.11910055577754975,"z":-0.002107281470671296,"w":-0.9927269220352173},"size":0.8660253882408142,"orthographic":false}